Date,#,Symbol,LTP,% Change,High,Low,Open,Qty.,Turnover
2026-06-30,1,ACLBSL,930.0,0.0,938.0,915.0,938.0,1013,930402.0
2026-06-30,2,ADBL,302.0,0.0,305.0,301.0,302.0,14556,4396078.6
2026-06-30,3,ADBLD83,1079.9,0.0,1079.9,1079.9,1079.9,25,26997.5
2026-06-30,4,AHL,448.8,0.0,470.0,435.0,470.0,4653,2043522.0
2026-06-30,5,AHPC,261.0,0.0,264.0,260.0,260.1,74273,19370918.6
2026-06-30,6,AKJCL,360.0,0.0,363.1,357.0,357.9,275111,98901287.4
2026-06-30,7,AKPL,252.5,0.0,255.0,252.1,255.0,71324,18054174.8
2026-06-30,8,ALBSL,1075.0,0.0,1150.0,1040.0,1040.0,4809,5125432.5
2026-06-30,9,ALICL,434.8,0.0,436.9,430.0,430.0,18840,8198638.5
2026-06-30,10,ANLB,5882.0,0.0,5882.0,5711.6,5714.0,372,2143150.6
2026-06-30,11,APHL,849.9,0.0,855.0,788.0,812.3,27374,22885217.4
2026-06-30,12,API,331.7,0.0,334.8,329.9,333.0,190230,62932069.0
2026-06-30,13,AVYAN,1044.7,0.0,1045.0,1032.2,1043.0,706,734330.0
2026-06-30,14,BANDIPUR,722.0,0.0,750.9,710.6,710.6,19129,14012122.3
2026-06-30,15,BARUN,314.0,0.0,320.0,314.0,319.5,20598,6512462.9
2026-06-30,16,BBC,4162.0,0.0,4261.0,4141.0,4141.0,193,809019.0
2026-06-30,17,BEDC,325.0,0.0,339.8,314.9,314.9,41942,13784301.3
2026-06-30,18,BFC,492.1,0.0,509.5,486.2,504.5,26201,13004815.9
2026-06-30,19,BGWT,587.1,0.0,617.9,585.0,604.0,1429,840178.7
2026-06-30,20,BHCL,536.0,0.0,550.0,529.0,545.0,21900,11716034.1
2026-06-30,21,BHDC,433.3,0.0,439.0,433.1,439.0,10529,4581143.2
2026-06-30,22,BHL,206.2,0.0,209.9,205.1,209.9,74056,15279457.7
2026-06-30,23,BHPL,490.0,0.0,503.0,490.0,503.0,9049,4462554.7
2026-06-30,24,BJHL,790.2,0.0,824.0,777.1,777.1,5826,4628354.6
2026-06-30,25,BNHC,312.0,0.0,314.0,306.1,306.1,2983,928940.4
2026-06-30,26,BNL,14301.8,0.0,14301.8,14301.8,14301.8,10,143018.0
2026-06-30,27,BOKD86,1085.0,0.0,1085.0,1080.0,1080.0,60,65050.0
2026-06-30,28,BPCL,636.0,0.0,649.0,636.0,649.0,16893,10770597.7
2026-06-30,29,BUNGAL,639.0,0.0,705.0,625.7,705.0,45755,30142504.2
2026-06-30,30,C30MF,9.96,0.0,9.96,9.94,9.94,400,3980.0
2026-06-30,31,CBBL,906.5,0.0,911.0,905.0,910.0,20142,18271835.9
2026-06-30,32,CBLD88,1200.0,0.0,1200.0,1200.0,1200.0,25,30000.0
2026-06-30,33,CCBD88,1271.0,0.0,1271.0,1265.0,1265.0,245,311050.0
2026-06-30,34,CFCL,592.0,0.0,618.5,590.0,607.5,73934,44498713.5
2026-06-30,35,CGH,764.0,0.0,770.0,761.0,765.0,7118,5452529.9
2026-06-30,36,CHCL,472.5,0.0,477.0,472.0,477.0,11763,5576900.8
2026-06-30,37,CHDC,2115.0,0.0,2164.9,2100.1,2164.9,22019,46475271.2
2026-06-30,38,CHL,261.9,0.0,263.5,258.0,260.9,10171,2637198.0
2026-06-30,39,CIT,1685.9,0.0,1791.0,1680.0,1700.0,9520,16178543.0
2026-06-30,40,CITY,404.0,0.0,420.0,398.0,420.0,87210,35288899.0
2026-06-30,41,CIZBD86,1180.0,0.0,1251.0,1180.0,1214.6,110,133690.0
2026-06-30,42,CIZBD90,1202.8,0.0,1246.3,1202.8,1240.0,150,185227.5
2026-06-30,43,CKHL,599.0,0.0,599.0,586.0,586.1,291,170717.0
2026-06-30,44,CLI,443.0,0.0,449.0,441.1,442.0,11086,4907963.9
2026-06-30,45,CMF2,9.87,0.0,9.88,9.87,9.87,5100,50384.0
2026-06-30,46,CORBL,1899.0,0.0,1900.0,1630.2,1660.0,7961,13593402.9
2026-06-30,47,CREST,1192.0,0.0,1256.7,1171.2,1256.7,6097,7155729.8
2026-06-30,48,CSY,9.35,0.0,9.35,9.02,9.12,5153,47221.83
2026-06-30,49,CYCL,1357.0,0.0,1390.0,1350.0,1385.0,862,1175948.4
2026-06-30,50,CZBIL,194.0,0.0,197.9,190.2,194.0,30137,5862800.7
2026-06-30,51,DDBL,817.0,0.0,827.0,816.2,821.0,9727,7964806.8
2026-06-30,52,DHEL,567.0,0.0,610.0,567.0,610.0,11477,6660032.2
2026-06-30,53,DHPL,279.0,0.0,279.9,273.1,277.3,2677,738027.4
2026-06-30,54,DLBS,1349.0,0.0,1349.0,1207.0,1349.0,3324,4238426.0
2026-06-30,55,DOLTI,330.5,0.0,344.0,330.0,344.0,24835,8280920.8
2026-06-30,56,DORDI,242.0,0.0,248.0,240.0,248.0,27955,6758329.6
2026-06-30,57,EBL,694.0,0.0,700.0,692.0,700.0,28812,20022485.4
2026-06-30,58,EBLD85,1160.0,0.0,1194.0,1160.0,1194.0,190,223420.0
2026-06-30,59,EBLD86,1101.0,0.0,1101.0,1101.0,1101.0,25,27525.0
2026-06-30,60,EBLD91,1090.0,0.0,1090.0,1090.0,1090.0,50,54500.0
2026-06-30,61,EDBL,553.4,0.0,560.0,550.1,558.0,5033,2785822.4
2026-06-30,62,EHPL,373.0,0.0,385.0,365.0,385.0,15024,5613542.5
2026-06-30,63,ENL,820.0,0.0,830.0,820.0,830.0,230,189715.0
2026-06-30,64,FMDBL,762.8,0.0,767.0,760.0,767.0,5475,4167792.8
2026-06-30,65,FOWAD,960.0,0.0,970.0,955.0,970.0,3275,3149713.7
2026-06-30,66,GBBD85,1080.0,0.0,1080.0,1070.1,1070.1,45,48402.0
2026-06-30,67,GBBL,399.0,0.0,403.0,399.0,402.0,16329,6535277.5
2026-06-30,68,GBILD84/85,1128.0,0.0,1155.0,1128.0,1145.0,1200,1379810.0
2026-06-30,69,GBIME,238.0,0.0,246.0,238.0,246.0,117471,28043991.4
2026-06-30,70,GBIMESY2,9.21,0.0,9.21,9.1,9.1,300,2752.0
2026-06-30,71,GBLBS,748.8,0.0,761.0,730.3,740.1,4435,3293090.2
2026-06-30,72,GCIL,349.0,0.0,355.0,348.0,355.0,20739,7257164.1
2026-06-30,73,GFCL,650.0,0.0,658.0,610.0,622.1,20482,12774553.0
2026-06-30,74,GHL,215.5,0.0,222.9,215.0,222.0,57759,12546705.0
2026-06-30,75,GIBF1,10.7,0.0,10.7,10.55,10.55,2900,30835.0
2026-06-30,76,GILB,1076.0,0.0,1158.7,1075.0,1110.0,2053,2317460.0
2026-06-30,77,GLBSL,1838.8,0.0,1850.0,1754.0,1798.0,1770,3227251.0
2026-06-30,78,GLH,248.1,0.0,254.8,248.1,250.0,23802,5955742.3
2026-06-30,79,GMFBS,1218.0,0.0,1247.0,1180.4,1247.0,236,282211.3
2026-06-30,80,GMFIL,459.0,0.0,469.6,450.0,450.0,6735,3097283.0
2026-06-30,81,GMLI,1146.8,0.0,1164.0,1146.7,1146.7,1238,1423583.5
2026-06-30,82,GRDBL,1027.9,0.0,1061.0,972.0,972.0,3045,3113275.6
2026-06-30,83,GSY,9.8,0.0,10.0,9.52,9.8,21500,214748.0
2026-06-30,84,GUFL,535.0,0.0,548.0,535.0,541.0,7443,4012041.9
2026-06-30,85,GVL,465.8,0.0,472.0,465.1,471.0,6598,3078481.1
2026-06-30,86,GWFD83,1117.0,0.0,1117.0,1116.0,1116.0,150,167500.0
2026-06-30,87,H8020,11.35,0.0,11.78,11.11,11.11,502900,5716310.54
2026-06-30,88,HATHY,687.0,0.0,720.0,683.8,720.0,9658,6672121.6
2026-06-30,89,HBL,191.1,0.0,193.0,191.0,192.0,25063,4796976.6
2026-06-30,90,HBLD86,1200.0,0.0,1200.1,1200.0,1200.0,245,294007.5
2026-06-30,91,HDHPC,202.5,0.0,207.0,202.0,206.0,74856,15284151.0
2026-06-30,92,HDL,1141.0,0.0,1154.0,1140.0,1154.0,18147,20722340.0
2026-06-30,93,HEI,535.0,0.0,550.0,525.0,525.0,8078,4342105.0
2026-06-30,94,HEIP,321.0,0.0,322.0,320.7,320.7,540,173202.0
2026-06-30,95,HFIN,721.0,0.0,743.8,721.0,729.0,20249,14660684.9
2026-06-30,96,HHL,332.0,0.0,345.0,330.0,336.0,24009,8022108.2
2026-06-30,97,HIDCL,250.0,0.0,252.8,248.9,252.8,36176,9041263.8
2026-06-30,98,HIDCLP,185.1,0.0,188.0,185.1,186.0,122586,22790861.7
2026-06-30,99,HIMSTAR,751.0,0.0,795.0,739.2,740.0,6351,4826004.5
2026-06-30,100,HLBSL,873.9,0.0,886.0,849.1,849.1,1743,1484233.4
2026-06-30,101,HLI,319.8,0.0,324.0,318.0,322.5,40405,12956894.0
2026-06-30,102,HLICF,8.69,0.0,8.95,8.5,8.7,2000,17369.0
2026-06-30,103,HPPL,358.0,0.0,359.8,353.0,355.0,31914,11401083.0
2026-06-30,104,HRL,571.0,0.0,610.0,570.0,610.0,60645,34850902.4
2026-06-30,105,HURJA,229.0,0.0,232.0,225.1,226.1,33676,7743973.6
2026-06-30,106,ICFC,605.0,0.0,612.0,601.2,609.0,11261,6807963.3
2026-06-30,107,ICFCD88,1143.0,0.0,1143.0,1143.0,1143.0,10,11430.0
2026-06-30,108,ICFCD89,1098.3,0.0,1135.0,1095.0,1095.0,565,624999.5
2026-06-30,109,IGI,431.9,0.0,446.5,428.1,446.5,7898,3396755.9
2026-06-30,110,IHL,353.0,0.0,365.0,350.0,365.0,11861,4206554.5
2026-06-30,111,ILBS,884.0,0.0,885.0,866.0,871.0,2911,2526582.3
2026-06-30,112,ILI,419.0,0.0,420.0,415.0,415.0,4671,1950250.8
2026-06-30,113,JBBD87,1122.0,0.0,1122.0,1122.0,1122.0,100,112200.0
2026-06-30,114,JBBL,334.8,0.0,338.0,334.0,336.0,16149,5412759.4
2026-06-30,115,JBLB,1236.0,0.0,1250.0,1236.0,1244.1,5868,7284739.6
2026-06-30,116,JFL,397.0,0.0,399.0,394.0,397.0,4720,1868624.2
2026-06-30,117,JHAPA,1287.0,0.0,1317.0,1261.0,1280.0,2805,3607724.4
2026-06-30,118,JOSHI,259.6,0.0,260.0,255.0,259.0,10309,2657024.2
2026-06-30,119,JSLBB,1011.0,0.0,1019.0,1000.1,1000.2,311,314189.0
2026-06-30,120,KBL,204.2,0.0,208.0,204.0,208.0,161059,33017828.6
2026-06-30,121,KBLD86,1180.0,0.0,1180.0,1180.0,1180.0,50,59000.0
2026-06-30,122,KBLD89,1251.0,0.0,1287.0,1251.0,1287.0,275,346650.0
2026-06-30,123,KBLD90,1206.2,0.0,1215.0,1203.2,1203.2,128,154853.6
2026-06-30,124,KBSH,1285.0,0.0,1295.0,1150.0,1295.0,568,697278.4
2026-06-30,125,KDBY,10.79,0.0,10.9,10.7,10.78,734450,7860854.0
2026-06-30,126,KDL,750.1,0.0,767.9,750.0,763.5,2672,2027047.0
2026-06-30,127,KEF,10.52,0.0,10.65,10.51,10.51,3500,36828.0
2026-06-30,128,KHPL,843.1,0.0,890.0,836.0,836.0,12498,10666976.2
2026-06-30,129,KKHC,250.0,0.0,266.0,239.7,245.4,98170,24370785.3
2026-06-30,130,KMCDB,816.9,0.0,823.0,777.7,823.0,6047,4772139.7
2026-06-30,131,KPCL,465.0,0.0,472.0,465.0,471.2,6943,3247857.5
2026-06-30,132,KSBBL,469.0,0.0,472.0,466.1,470.1,13598,6380469.0
2026-06-30,133,KSY,9.65,0.0,9.67,9.65,9.65,500,4827.0
2026-06-30,134,LBBL,473.9,0.0,475.0,472.3,475.0,29360,13911543.6
2026-06-30,135,LBBLD89,1302.9,0.0,1302.9,1302.9,1302.9,25,32572.5
2026-06-30,136,LBLD88,1085.0,0.0,1085.0,1085.0,1085.0,25,27125.0
2026-06-30,137,LEC,207.5,0.0,211.8,206.0,211.0,72140,14994181.8
2026-06-30,138,LICN,793.0,0.0,799.0,790.0,790.0,4015,3190994.0
2026-06-30,139,LLBS,920.0,0.0,920.0,920.0,920.0,10,9200.0
2026-06-30,140,LSL,213.6,0.0,222.1,212.3,222.1,84181,18071095.7
2026-06-30,141,LUK,10.01,0.0,10.18,10.0,10.0,11900,119121.0
2026-06-30,142,LVF2,10.19,0.0,10.19,10.0,10.0,14940,149900.6
2026-06-30,143,MABEL,630.0,0.0,650.0,622.1,643.5,9451,6009224.0
2026-06-30,144,MAKAR,465.0,0.0,478.9,463.0,466.0,2007,941684.0
2026-06-30,145,MANDU,805.0,0.0,824.0,791.0,810.0,2469,1979128.0
2026-06-30,146,MATRI,850.0,0.0,879.7,850.0,850.0,702,601631.8
2026-06-30,147,MBJC,272.4,0.0,288.8,270.1,288.8,14315,3900972.1
2026-06-30,148,MBL,240.0,0.0,242.0,239.0,241.0,44137,10601687.5
2026-06-30,149,MBLEF,9.96,0.0,10.09,9.93,9.93,3100,30913.0
2026-06-30,150,MCHL,288.2,0.0,297.0,288.1,288.1,5630,1636848.5
2026-06-30,151,MDB,580.0,0.0,584.9,578.6,582.0,14151,8212030.8
2026-06-30,152,MEHL,327.9,0.0,336.0,325.0,330.0,2521,824880.0
2026-06-30,153,MEL,219.0,0.0,223.0,216.2,216.2,13520,2954939.8
2026-06-30,154,MEN,570.0,0.0,576.0,568.0,574.5,68774,39230010.0
2026-06-30,155,MERO,699.6,0.0,700.0,690.2,695.1,1409,979331.1
2026-06-30,156,MFIL,772.0,0.0,795.4,736.8,736.8,31384,24578854.0
2026-06-30,157,MHCL,330.0,0.0,330.0,325.2,330.0,4110,1343710.7
2026-06-30,158,MHL,460.0,0.0,477.0,452.3,461.0,7842,3585194.5
2026-06-30,159,MHNL,239.4,0.0,243.3,233.0,240.2,19091,4530510.1
2026-06-30,160,MKCL,1090.0,0.0,1090.0,1070.0,1090.0,1191,1277429.1
2026-06-30,161,MKHC,297.0,0.0,304.0,295.6,295.6,16151,4808734.8
2026-06-30,162,MKHL,467.0,0.0,475.0,467.0,468.1,4632,2180050.9
2026-06-30,163,MKJC,456.1,0.0,462.0,456.1,462.0,4842,2215564.0
2026-06-30,164,MLBBL,1135.0,0.0,1150.0,1130.0,1141.0,2158,2448877.0
2026-06-30,165,MLBL,352.0,0.0,355.9,349.0,355.9,24329,8520605.9
2026-06-30,166,MLBLD89,1296.4,0.0,1296.4,1296.4,1296.4,10,12964.0
2026-06-30,167,MLBS,1169.5,0.0,1169.5,1131.0,1131.0,177,203246.0
2026-06-30,168,MLBSL,1713.0,0.0,1725.0,1700.0,1700.0,374,640753.0
2026-06-30,169,MMF1,9.7,0.0,10.15,9.35,9.35,10350,99901.0
2026-06-30,170,MMKJL,467.0,0.0,470.1,466.0,470.1,2150,1005466.0
2026-06-30,171,MNBBL,362.5,0.0,365.1,362.0,365.0,24239,8794665.8
2026-06-30,172,MNMF1,9.75,0.0,9.76,9.75,9.76,1100,10726.0
2026-06-30,173,MPFL,605.0,0.0,611.8,600.0,600.0,29052,17616017.5
2026-06-30,174,MSHL,585.0,0.0,593.0,579.7,591.5,2129,1246323.4
2026-06-30,175,MSLB,1245.0,0.0,1248.0,1205.1,1220.0,578,703263.1
2026-06-30,176,NABBC,770.0,0.0,784.8,760.3,780.0,1550,1200818.0
2026-06-30,177,NABIL,521.9,0.0,527.0,520.2,526.0,24993,13042964.4
2026-06-30,178,NABILD2089,1060.0,0.0,1090.0,1090.0,1090.0,27,29370.0
2026-06-30,179,NABILD87,1125.1,0.0,1125.1,1125.1,1125.1,25,28127.5
2026-06-30,180,NADEP,711.0,0.0,724.0,710.0,710.1,967,688434.0
2026-06-30,181,NBF2,10.05,0.0,10.15,9.9,9.9,1920,19237.0
2026-06-30,182,NBF3,10.15,0.0,10.15,9.75,9.81,108340,1080110.7
2026-06-30,183,NBL,262.2,0.0,265.0,260.3,265.0,38827,10160904.6
2026-06-30,184,NBLD87,1086.4,0.0,1120.0,1120.0,1120.0,5,5432.0
2026-06-30,185,NESDO,1528.0,0.0,1530.0,1500.0,1530.0,644,974570.0
2026-06-30,186,NFS,566.0,0.0,579.9,565.1,579.9,4664,2648661.4
2026-06-30,187,NGPL,402.9,0.0,408.0,401.0,408.0,84495,34051514.0
2026-06-30,188,NHDL,636.0,0.0,636.0,625.1,625.1,8364,5298823.4
2026-06-30,189,NHPC,255.0,0.0,264.8,250.0,264.8,205607,52704251.2
2026-06-30,190,NIBD84,1065.0,0.0,1065.0,1051.3,1051.3,155,164315.0
2026-06-30,191,NIBLGF,9.31,0.0,9.5,9.25,9.5,1900,17692.0
2026-06-30,192,NIBLSTF,9.31,0.0,9.31,8.89,8.89,1200,10828.0
2026-06-30,193,NIBSF2,9.2,0.0,9.2,9.0,9.0,7900,71150.0
2026-06-30,194,NICA,327.1,0.0,330.0,325.0,330.0,30707,10028860.7
2026-06-30,195,NICAD2091,1061.0,0.0,1066.0,1060.0,1060.0,225,238750.0
2026-06-30,196,NICBF,9.08,0.0,9.08,9.08,9.08,200,1816.0
2026-06-30,197,NICD88,1079.0,0.0,1085.0,1079.0,1085.0,155,167900.5
2026-06-30,198,NICFC,9.1,0.0,9.28,9.01,9.02,2950,26947.5
2026-06-30,199,NICGF2,9.12,0.0,9.19,9.1,9.1,7900,71976.0
2026-06-30,200,NICL,513.7,0.0,530.0,511.1,521.0,7677,3931519.2
2026-06-30,201,NICLBSL,546.1,0.0,558.0,546.1,550.1,6071,3337050.2
2026-06-30,202,NICSF,9.3,0.0,9.5,9.25,9.3,32650,303760.0
2026-06-30,203,NIFRA,247.2,0.0,249.9,245.5,249.0,52807,13030004.7
2026-06-30,204,NIFRAGED,1041.1,0.0,1041.4,1041.1,1041.4,80,83439.5
2026-06-30,205,NIFRAUR85/86,1065.0,0.0,1065.0,1065.0,1065.0,40,42600.0
2026-06-30,206,NIL,609.0,0.0,617.0,603.1,610.1,3689,2246563.9
2026-06-30,207,NIMB,190.0,0.0,194.0,189.0,190.0,134717,25580787.0
2026-06-30,208,NIMBPO,145.0,0.0,145.0,142.0,144.0,17026,2448249.0
2026-06-30,209,NLG,580.0,0.0,583.0,572.0,582.0,6598,3796934.7
2026-06-30,210,NLIC,737.0,0.0,745.0,735.0,744.0,26169,19352622.6
2026-06-30,211,NLICL,574.0,0.0,574.0,560.1,567.0,7644,4342747.3
2026-06-30,212,NMB,235.5,0.0,240.0,235.0,240.0,28083,6614964.2
2026-06-30,213,NMB50,10.18,0.0,10.18,10.18,10.18,100,1018.0
2026-06-30,214,NMBHF2,9.74,0.0,9.75,9.52,9.52,7100,68742.0
2026-06-30,215,NMBMF,619.9,0.0,619.9,605.4,616.0,1101,669082.9
2026-06-30,216,NMFBS,1114.0,0.0,1115.0,1101.0,1101.2,2620,2892350.5
2026-06-30,217,NMIC,945.0,0.0,960.1,945.0,952.0,1528,1453817.5
2026-06-30,218,NMLBBL,546.6,0.0,558.0,541.1,558.0,7457,4066913.1
2026-06-30,219,NRIC,919.0,0.0,942.0,916.0,935.0,25082,23219622.2
2026-06-30,220,NRM,321.1,0.0,336.0,320.0,328.0,8787,2847217.9
2026-06-30,221,NRN,1412.5,0.0,1485.7,1390.0,1485.7,68301,96125990.3
2026-06-30,222,NSIF2,10.65,0.0,10.65,10.55,10.57,62900,663827.6
2026-06-30,223,NSY,9.28,0.0,9.49,9.0,9.0,5940,55027.4
2026-06-30,224,NTC,843.0,0.0,843.1,840.0,843.0,6339,5339521.2
2026-06-30,225,NUBL,617.0,0.0,635.0,617.0,635.0,3837,2385020.0
2026-06-30,226,NWCL,719.0,0.0,727.5,719.0,727.4,1919,1387315.4
2026-06-30,227,NYADI,376.0,0.0,377.9,370.2,370.2,3248,1218892.4
2026-06-30,228,OHL,672.0,0.0,672.0,660.0,660.5,1518,1007017.2
2026-06-30,229,OMPL,975.0,0.0,1007.0,960.0,1007.0,6112,5976298.4
2026-06-30,230,PBD85,1069.1,0.0,1069.1,1069.1,1069.1,25,26727.5
2026-06-30,231,PBD88,1220.0,0.0,1245.0,1215.0,1215.0,75,92000.0
2026-06-30,232,PBLD84,1093.0,0.0,1093.1,1093.0,1093.1,14365,15700950.0
2026-06-30,233,PCBL,232.4,0.0,236.0,231.0,231.0,34867,8081334.8
2026-06-30,234,PCIL,639.0,0.0,670.0,638.0,660.0,39939,25910459.6
2026-06-30,235,PFL,363.7,0.0,365.0,356.0,365.0,4839,1748634.4
2026-06-30,236,PHCL,292.1,0.0,299.0,292.0,296.0,49849,14730179.1
2026-06-30,237,PMHPL,314.0,0.0,320.0,310.1,311.2,2479,773778.9
2026-06-30,238,PMLI,444.0,0.0,455.0,442.3,450.2,9681,4311236.4
2026-06-30,239,PPCL,337.0,0.0,356.3,335.0,356.3,19438,6535558.8
2026-06-30,240,PPL,319.0,0.0,327.0,311.6,311.6,15094,4859803.6
2026-06-30,241,PRIN,679.7,0.0,699.0,672.0,699.0,7156,4831351.9
2026-06-30,242,PROFL,425.2,0.0,449.9,425.2,449.9,6503,2811916.2
2026-06-30,243,PRSF,12.47,0.0,12.79,12.47,12.5,3800,47613.0
2026-06-30,244,PRVU,187.2,0.0,191.7,187.0,189.0,55501,10430839.5
2026-06-30,245,PSF,11.7,0.0,11.8,11.65,11.66,9900,115656.0
2026-06-30,246,PURE,802.0,0.0,845.0,802.0,845.0,5000,4112701.6
2026-06-30,247,RADHI,700.0,0.0,712.5,697.1,712.3,35098,24679831.4
2026-06-30,248,RAWA,446.6,0.0,455.0,430.0,430.0,26799,11819828.4
2026-06-30,249,RBBD83,1038.0,0.0,1038.0,1038.0,1038.0,40,41520.0
2026-06-30,250,RBBF40,9.3,0.0,9.47,9.16,9.2,2100,19374.0
2026-06-30,251,RBCL,14200.0,0.0,14200.0,14015.0,14200.0,35,495150.0
2026-06-30,252,RBCLPO,11777.6,0.0,11777.6,11110.0,11225.0,140,1578222.0
2026-06-30,253,RFPL,336.6,0.0,350.0,336.6,346.1,20642,7101011.2
2026-06-30,254,RHGCL,263.9,0.0,266.0,257.1,257.1,14224,3728506.3
2026-06-30,255,RHPL,260.0,0.0,262.0,258.3,260.0,17229,4474269.7
2026-06-30,256,RIDI,326.9,0.0,332.5,313.5,313.5,97236,31963354.9
2026-06-30,257,RLEL,851.0,0.0,858.0,841.0,842.1,11107,9441642.9
2026-06-30,258,RLFL,460.9,0.0,475.8,460.0,462.0,55032,25617019.5
2026-06-30,259,RMF1,9.8,0.0,9.99,9.71,9.71,1487,14580.77
2026-06-30,260,RMF2,10.0,0.0,10.0,10.0,10.0,300,3000.0
2026-06-30,261,RNLI,444.1,0.0,447.4,444.1,444.6,9182,4086297.3
2026-06-30,262,RSDC,638.0,0.0,640.0,632.0,632.4,4298,2721648.1
2026-06-30,263,RSML,3189.0,0.0,3190.0,3110.0,3110.0,22936,72313568.8
2026-06-30,264,RSY,10.0,0.0,10.3,9.71,9.71,2300,22925.0
2026-06-30,265,RURU,637.0,0.0,639.0,635.1,639.0,3418,2175359.3
2026-06-30,266,SABBL,979.0,0.0,990.0,956.3,956.3,4816,4709211.0
2026-06-30,267,SADBL,398.0,0.0,402.0,396.4,402.0,115722,46221148.1
2026-06-30,268,SAGAR,1526.0,0.0,1529.0,1479.0,1480.0,3551,5366269.8
2026-06-30,269,SAGF,10.07,0.0,10.1,10.05,10.05,1270,12816.0
2026-06-30,270,SAHAS,630.2,0.0,644.0,630.2,641.9,99717,63326621.7
2026-06-30,271,SAIL,878.0,0.0,935.0,874.0,913.0,28256,25446907.8
2026-06-30,272,SALICO,597.0,0.0,597.0,589.1,591.0,2528,1494847.7
2026-06-30,273,SANIMA,349.0,0.0,352.0,348.9,352.0,70248,24615882.1
2026-06-30,274,SANVI,613.5,0.0,635.0,607.0,607.0,19886,12269938.1
2026-06-30,275,SAPDBL,786.3,0.0,915.0,780.0,780.0,30782,24576127.9
2026-06-30,276,SARBTM,804.0,0.0,810.0,801.3,810.0,6172,4963698.3
2026-06-30,277,SBCF,10.0,0.0,10.1,9.8,10.0,20350,204266.0
2026-06-30,278,SBD87,1088.0,0.0,1088.1,1088.0,1088.1,125,136002.5
2026-06-30,279,SBI,385.1,0.0,391.5,385.1,390.1,22923,8919292.3
2026-06-30,280,SBID2090,1068.0,0.0,1101.0,1101.0,1101.0,4,4272.0
2026-06-30,281,SBID83,1085.0,0.0,1085.0,1085.0,1085.0,205,222425.0
2026-06-30,282,SBL,387.1,0.0,390.0,387.1,388.4,344827,133904148.5
2026-06-30,283,SBLD2091,1080.0,0.0,1080.0,1055.0,1055.0,125,134375.0
2026-06-30,284,SBLD84,1065.0,0.0,1065.0,1065.0,1065.0,50,53250.0
2026-06-30,285,SBLD89,1287.5,0.0,1287.5,1287.0,1287.0,50,64362.5
2026-06-30,286,SCB,641.0,0.0,650.0,640.0,641.0,14142,9059368.81
2026-06-30,287,SCBD,1208.1,0.0,1208.1,1154.0,1154.0,38183,44790897.5
2026-06-30,288,SEF,10.2,0.0,10.2,10.16,10.16,3500,35595.0
2026-06-30,289,SFCL,369.0,0.0,370.0,364.5,365.0,6196,2275874.0
2026-06-30,290,SFEF,9.9,0.0,10.0,9.9,9.9,700,6960.0
2026-06-30,291,SFMF,10.8,0.0,10.8,10.8,10.8,100,1080.0
2026-06-30,292,SGHC,328.0,0.0,338.0,328.0,329.0,8638,2844695.3
2026-06-30,293,SGIC,457.0,0.0,465.0,456.1,460.0,11831,5437105.6
2026-06-30,294,SHEL,294.8,0.0,298.0,291.5,298.0,43653,12796456.0
2026-06-30,295,SHINE,396.4,0.0,401.0,396.2,401.0,17234,6849896.4
2026-06-30,296,SHINED,1097.0,0.0,1097.0,1097.0,1097.0,25,27425.0
2026-06-30,297,SHIVM,624.0,0.0,633.0,621.0,633.0,68220,42521851.0
2026-06-30,298,SHL,487.0,0.0,490.0,483.1,490.0,21792,10605966.7
2026-06-30,299,SHLB,1525.0,0.0,1590.0,1401.0,1401.0,520,748391.0
2026-06-30,300,SHPC,485.0,0.0,503.0,484.2,490.0,52274,25473327.4
2026-06-30,301,SICL,612.3,0.0,619.0,612.3,612.3,4351,2666806.0
2026-06-30,302,SIFC,526.1,0.0,540.0,521.4,537.0,66995,35248910.3
2026-06-30,303,SIGS2,10.5,0.0,10.5,10.45,10.45,500,5245.0
2026-06-30,304,SIGS3,10.65,0.0,10.65,10.41,10.41,12049,128193.55
2026-06-30,305,SIKLES,547.0,0.0,560.0,546.5,560.0,19300,10612650.7
2026-06-30,306,SINDU,697.0,0.0,705.0,692.4,692.4,5247,3656064.2
2026-06-30,307,SIPD,620.0,0.0,648.0,617.0,648.0,12614,7905661.9
2026-06-30,308,SJCL,267.0,0.0,270.0,266.1,268.0,12324,3298488.6
2026-06-30,309,SJLIC,418.0,0.0,420.0,410.0,410.0,6255,2616232.7
2026-06-30,310,SJLICP,240.1,0.0,240.1,240.1,240.1,300000,72030000.0
2026-06-30,311,SKBBL,748.0,0.0,759.0,745.0,751.0,14427,10806930.5
2026-06-30,312,SKHEL,974.8,0.0,1009.9,963.3,963.3,3796,3706304.8
2026-06-30,313,SKHL,915.0,0.0,940.0,903.0,925.0,7392,6722646.2
2026-06-30,314,SLBBL,799.0,0.0,810.0,793.0,810.0,4312,3457491.7
2026-06-30,315,SLBSL,1193.9,0.0,1194.8,1130.0,1160.0,8624,9965484.1
2026-06-30,316,SLCF,10.15,0.0,10.6,10.1,10.6,27750,290382.5
2026-06-30,317,SMATA,743.0,0.0,750.0,743.0,750.0,1358,1013552.8
2026-06-30,318,SMB,1984.0,0.0,2031.0,1860.7,1860.7,9919,19892983.7
2026-06-30,319,SMFBS,1611.0,0.0,1643.8,1470.0,1470.0,15796,25019048.0
2026-06-30,320,SMH,521.7,0.0,553.0,521.1,545.1,20317,10737048.9
2026-06-30,321,SMHL,469.0,0.0,473.0,466.0,470.0,16069,7538231.3
2026-06-30,322,SMJC,441.1,0.0,455.0,441.1,455.0,9934,4406753.4
2026-06-30,323,SMPDA,794.0,0.0,800.0,786.1,786.1,1803,1425458.5
2026-06-30,324,SNLI,431.5,0.0,434.0,430.1,430.1,9408,4064924.6
2026-06-30,325,SNORL,454.2,0.0,454.2,411.9,411.9,90,39940.0
2026-06-30,326,SOHL,612.1,0.0,625.0,612.1,618.0,47290,29102752.5
2026-06-30,327,SONA,416.1,0.0,420.0,415.2,416.1,11325,4718147.1
2026-06-30,328,SOPL,833.1,0.0,885.3,830.0,850.0,95026,80978173.4
2026-06-30,329,SPC,411.0,0.0,420.0,405.0,420.0,4699,1922149.2
2026-06-30,330,SPDL,357.0,0.0,363.0,354.8,356.6,32023,11446721.6
2026-06-30,331,SPHL,577.0,0.0,585.0,540.0,585.0,8800,5032549.0
2026-06-30,332,SPIL,685.0,0.0,689.0,679.0,681.0,2790,1903437.0
2026-06-30,333,SPL,670.0,0.0,670.0,650.0,655.0,935,615786.0
2026-06-30,334,SRLI,379.0,0.0,385.5,376.3,380.0,13997,5292098.9
2026-06-30,335,SSHL,193.9,0.0,198.0,193.5,197.0,77934,15188400.4
2026-06-30,336,STC,5199.0,0.0,5200.0,5150.0,5165.0,483,2492893.5
2026-06-30,337,SWASTIK,2071.0,0.0,2173.0,2060.0,2173.0,1402,2918845.5
2026-06-30,338,SWBBL,697.7,0.0,699.0,690.0,690.2,5825,4040590.7
2026-06-30,339,SWMF,614.9,0.0,625.0,610.0,619.0,5575,3428354.8
2026-06-30,340,SYPNL,1334.0,0.0,1358.0,1334.0,1350.0,25410,34138827.1
2026-06-30,341,TAMOR,438.6,0.0,441.0,438.2,441.0,36500,16019672.4
2026-06-30,342,TPC,350.3,0.0,360.5,345.0,345.0,14174,4972396.0
2026-06-30,343,TPKHL,596.3,0.0,772.5,591.1,728.2,179731,113278711.0
2026-06-30,344,TRH,765.0,0.0,767.0,760.0,760.0,1605,1225673.1
2026-06-30,345,TSHL,445.2,0.0,470.0,445.2,470.0,3447,1552104.8
2026-06-30,346,TTL,725.0,0.0,743.0,704.9,704.9,8021,5838305.0
2026-06-30,347,TVCL,479.0,0.0,487.0,479.0,486.0,5195,2506611.8
2026-06-30,348,UAIL,448.1,0.0,459.0,446.0,450.0,5778,2597579.1
2026-06-30,349,UHEWA,581.9,0.0,605.0,576.1,582.0,31231,18337351.8
2026-06-30,350,ULBSL,2799.0,0.0,2799.0,2740.0,2785.0,183,505630.0
2026-06-30,351,ULHC,421.1,0.0,467.0,420.0,420.0,16470,6989970.8
2026-06-30,352,UMHL,575.0,0.0,614.0,567.0,614.0,25628,14703570.0
2026-06-30,353,UMRH,515.0,0.0,525.0,515.0,525.0,9653,5013342.8
2026-06-30,354,UNHPL,386.0,0.0,395.0,380.0,380.0,11561,4507118.6
2026-06-30,355,UNL,46900.0,0.0,46990.0,46900.0,46990.0,24,1121300.0
2026-06-30,356,UNLB,1280.0,0.0,1326.0,1280.0,1326.0,380,489884.0
2026-06-30,357,UPCL,341.5,0.0,344.9,327.0,327.0,41053,13867004.9
2026-06-30,358,UPPER,190.5,0.0,193.9,190.0,192.0,81395,15536119.7
2026-06-30,359,USHEC,485.7,0.0,500.0,485.4,500.0,5151,2503104.0
2026-06-30,360,USHL,557.9,0.0,586.8,529.0,586.8,1038,570219.3
2026-06-30,361,USLB,1213.0,0.0,1250.0,1213.0,1230.0,1537,1889162.8
2026-06-30,362,VLBS,678.0,0.0,683.0,678.0,680.0,2585,1758788.3
2026-06-30,363,VLUCL,439.0,0.0,446.2,436.0,446.0,2488,1103616.0
2026-06-30,364,WNLB,1330.0,0.0,1350.0,1315.0,1350.0,100,133621.0
2026-06-30,365,YMHL,636.5,0.0,797.6,622.0,728.2,129250,86939369.0
